Workbook

Sheet Per-Grade Breakdown
A1: 3a. Per-Grade Breakdown
A2: One row per School x Grade, primary grades P1-P6.
A4: School Code | B4: School Name | C4: Grade | D4: Total Students | E4: Total Classrooms | F4: Total Classrooms in Double Shift | G4: Total Classrooms Available | H4: Standard Classroom Capacity | I4: Required Classrooms | J4: Gap (Deficit vs Surplus) | K4: Status
A5: 110103 | B5: EP GITEGA | C5: P1 | D5: 172 | E5: 4 | F5: 1 | G5: =E5-F5 | H5: ='Notes'!$B$4 | I5: =ROUNDUP(D5/H5,0) | J5: =G5-I5 | K5: =IF(J5<0,"Deficit",IF(J5=0,"Exact fit","Surplus"))
A6: 110103 | B6: EP GITEGA | C6: P2 | D6: 174 | E6: 4 | F6: 0 | G6: =E6-F6 | H6: ='Notes'!$B$4 | I6: =ROUNDUP(D6/H6,0) | J6: =G6-I6 | K6: =IF(J6<0,"Deficit",IF(J6=0,"Exact fit","Surplus"))
A7: 110103 | B7: EP GITEGA | C7: P3 | D7: 167 | E7: 4 | F7: 0 | G7: =E7-F7 | H7: ='Notes'!$B$4 | I7: =ROUNDUP(D7/H7,0) | J7: =G7-I7 | K7: =IF(J7<0,"Deficit",IF(J7=0,"Exact fit","Surplus"))
A8: 110103 | B8: EP GITEGA | C8: P4 | D8: 239 | E8: 5 | F8: 0 | G8: =E8-F8 | H8: ='Notes'!$B$4 | I8: =ROUNDUP(D8/H8,0) | J8: =G8-I8 | K8: =IF(J8<0,"Deficit",IF(J8=0,"Exact fit","Surplus"))
A9: 110103 | B9: EP GITEGA | C9: P5 | D9: 270 | E9: 6 | F9: 0 | G9: =E9-F9 | H9: ='Notes'!$B$4 | I9: =ROUNDUP(D9/H9,0) | J9: =G9-I9 | K9: =IF(J9<0,"Deficit",IF(J9=0,"Exact fit","Surplus"))
A10: 110103 | B10: EP GITEGA | C10: P6 | D10: 223 | E10: 4 | F10: 0 | G10: =E10-F10 | H10: ='Notes'!$B$4 | I10: =ROUNDUP(D10/H10,0) | J10: =G10-I10 | K10: =IF(J10<0,"Deficit",IF(J10=0,"Exact fit","Surplus"))
A11: 110104 | B11: GS CYAHAFI | C11: P1 | D11: 141 | E11: 4 | F11: 0 | G11: =E11-F11 | H11: ='Notes'!$B$4 | I11: =ROUNDUP(D11/H11,0) | J11: =G11-I11 | K11: =IF(J11<0,"Deficit",IF(J11=0,"Exact fit","Surplus"))
A12: 110104 | B12: GS CYAHAFI | C12: P2 | D12: 168 | E12: 4 | F12: 0 | G12: =E12-F12 | H12: ='Notes'!$B$4 | I12: =ROUNDUP(D12/H12,0) | J12: =G12-I12 | K12: =IF(J12<0,"Deficit",IF(J12=0,"Exact fit","Surplus"))
A13: 110104 | B13: GS CYAHAFI | C13: P3 | D13: 205 | E13: 4 | F13: 0 | G13: =E13-F13 | H13: ='Notes'!$B$4 | I13: =ROUNDUP(D13/H13,0) | J13: =G13-I13 | K13: =IF(J13<0,"Deficit",IF(J13=0,"Exact fit","Surplus"))
A14: 110104 | B14: GS CYAHAFI | C14: P4 | D14: 209 | E14: 4 | F14: 0 | G14: =E14-F14 | H14: ='Notes'!$B$4 | I14: =ROUNDUP(D14/H14,0) | J14: =G14-I14 | K14: =IF(J14<0,"Deficit",IF(J14=0,"Exact fit","Surplus"))
A15: 110104 | B15: GS CYAHAFI | C15: P5 | D15: 202 | E15: 4 | F15: 0 | G15: =E15-F15 | H15: ='Notes'!$B$4 | I15: =ROUNDUP(D15/H15,0) | J15: =G15-I15 | K15: =IF(J15<0,"Deficit",IF(J15=0,"Exact fit","Surplus"))
A16: 110104 | B16: GS CYAHAFI | C16: P6 | D16: 233 | E16: 4 | F16: 0 | G16: =E16-F16 | H16: ='Notes'!$B$4 | I16: =ROUNDUP(D16/H16,0) | J16: =G16-I16 | K16: =IF(J16<0,"Deficit",IF(J16=0,"Exact fit","Surplus"))
... A23659: 571506 | B23659: EP KAMWERU | C23659: P6 | D23659: 42 | E23659: 1 | F23659: 0 | G23659: =E23659-F23659 | H23659: ='Notes'!$B$4 | I23659: =ROUNDUP(D23659/H23659,0) | J23659: =G23659-I23659 | K23659: =IF(J23659<0,"Deficit",IF(J23659=0,"Exact fit","Surplus"))

Sheet School-Level Summary
A1: 3b. School-Level Summary
A2: One row per school, grades P1-P6 combined (sums of the Per-Grade Breakdown).
A4: School Code | B4: School Name | C4: Total Students | D4: Total Classrooms | E4: Total Classrooms in Double Shift | F4: Total Classrooms Available | G4: Standard Classroom Capacity | H4: Required Classrooms | I4: Gap (Deficit vs Surplus) | J4: Status
A5: 110103 | B5: EP GITEGA | C5: =SUMIFS('Per-Grade Breakdown'!$D$5:$D$23659,'Per-Grade Breakdown'!$A$5:$A$23659,$A5) | D5: =SUMIFS('Per-Grade Breakdown'!$E$5:$E$23659,'Per-Grade Breakdown'!$A$5:$A$23659,$A5) | E5: =SUMIFS('Per-Grade Breakdown'!$F$5:$F$23659,'Per-Grade Breakdown'!$A$5:$A$23659,$A5) | F5: =D5-E5 | G5: ='Notes'!$B$4 | H5: =ROUNDUP(C5/G5,0) | I5: =F5-H5 | J5: =IF(I5<0,"Deficit",IF(I5=0,"Exact fit","Surplus"))
A6: 110104 | B6: GS CYAHAFI | C6: =SUMIFS('Per-Grade Breakdown'!$D$5:$D$23659,'Per-Grade Breakdown'!$A$5:$A$23659,$A6) | D6: =SUMIFS('Per-Grade Breakdown'!$E$5:$E$23659,'Per-Grade Breakdown'!$A$5:$A$23659,$A6) | E6: =SUMIFS('Per-Grade Breakdown'!$F$5:$F$23659,'Per-Grade Breakdown'!$A$5:$A$23659,$A6) | F6: =D6-E6 | G6: ='Notes'!$B$4 | H6: =ROUNDUP(C6/G6,0) | I6: =F6-H6 | J6: =IF(I6<0,"Deficit",IF(I6=0,"Exact fit","Surplus"))
A7: 110108 | B7: Imbyeyi Christhian | C7: =SUMIFS('Per-Grade Breakdown'!$D$5:$D$23659,'Per-Grade Breakdown'!$A$5:$A$23659,$A7) | D7: =SUMIFS('Per-Grade Breakdown'!$E$5:$E$23659,'Per-Grade Breakdown'!$A$5:$A$23659,$A7) | E7: =SUMIFS('Per-Grade Breakdown'!$F$5:$F$23659,'Per-Grade Breakdown'!$A$5:$A$23659,$A7) | F7: =D7-E7 | G7: ='Notes'!$B$4 | H7: =ROUNDUP(C7/G7,0) | I7: =F7-H7 | J7: =IF(I7<0,"Deficit",IF(I7=0,"Exact fit","Surplus"))
A8: 110201 | B8: GS KANYINYA | C8: =SUMIFS('Per-Grade Breakdown'!$D$5:$D$23659,'Per-Grade Breakdown'!$A$5:$A$23659,$A8) | D8: =SUMIFS('Per-Grade Breakdown'!$E$5:$E$23659,'Per-Grade Breakdown'!$A$5:$A$23659,$A8) | E8: =SUMIFS('Per-Grade Breakdown'!$F$5:$F$23659,'Per-Grade Breakdown'!$A$5:$A$23659,$A8) | F8: =D8-E8 | G8: ='Notes'!$B$4 | H8: =ROUNDUP(C8/G8,0) | I8: =F8-H8 | J8: =IF(I8<0,"Deficit",IF(I8=0,"Exact fit","Surplus"))
A9: 110202 | B9: GS NZOVE | C9: =SUMIFS('Per-Grade Breakdown'!$D$5:$D$23659,'Per-Grade Breakdown'!$A$5:$A$23659,$A9) | D9: =SUMIFS('Per-Grade Breakdown'!$E$5:$E$23659,'Per-Grade Breakdown'!$A$5:$A$23659,$A9) | E9: =SUMIFS('Per-Grade Breakdown'!$F$5:$F$23659,'Per-Grade Breakdown'!$A$5:$A$23659,$A9) | F9: =D9-E9 | G9: ='Notes'!$B$4 | H9: =ROUNDUP(C9/G9,0) | I9: =F9-H9 | J9: =IF(I9<0,"Deficit",IF(I9=0,"Exact fit","Surplus"))
A10: 110204 | B10: EP NYAMWERU | C10: =SUMIFS('Per-Grade Breakdown'!$D$5:$D$23659,'Per-Grade Breakdown'!$A$5:$A$23659,$A10) | D10: =SUMIFS('Per-Grade Breakdown'!$E$5:$E$23659,'Per-Grade Breakdown'!$A$5:$A$23659,$A10) | E10: =SUMIFS('Per-Grade Breakdown'!$F$5:$F$23659,'Per-Grade Breakdown'!$A$5:$A$23659,$A10) | F10: =D10-E10 | G10: ='Notes'!$B$4 | H10: =ROUNDUP(C10/G10,0) | I10: =F10-H10 | J10: =IF(I10<0,"Deficit",IF(I10=0,"Exact fit","Surplus"))
A11: 110205 | B11: Star Shine school | C11: =SUMIFS('Per-Grade Breakdown'!$D$5:$D$23659,'Per-Grade Breakdown'!$A$5:$A$23659,$A11) | D11: =SUMIFS('Per-Grade Breakdown'!$E$5:$E$23659,'Per-Grade Breakdown'!$A$5:$A$23659,$A11) | E11: =SUMIFS('Per-Grade Breakdown'!$F$5:$F$23659,'Per-Grade Breakdown'!$A$5:$A$23659,$A11) | F11: =D11-E11 | G11: ='Notes'!$B$4 | H11: =ROUNDUP(C11/G11,0) | I11: =F11-H11 | J11: =IF(I11<0,"Deficit",IF(I11=0,"Exact fit","Surplus"))
A12: 110208 | B12: EP BIBUNGO | C12: =SUMIFS('Per-Grade Breakdown'!$D$5:$D$23659,'Per-Grade Breakdown'!$A$5:$A$23659,$A12) | D12: =SUMIFS('Per-Grade Breakdown'!$E$5:$E$23659,'Per-Grade Breakdown'!$A$5:$A$23659,$A12) | E12: =SUMIFS('Per-Grade Breakdown'!$F$5:$F$23659,'Per-Grade Breakdown'!$A$5:$A$23659,$A12) | F12: =D12-E12 | G12: ='Notes'!$B$4 | H12: =ROUNDUP(C12/G12,0) | I12: =F12-H12 | J12: =IF(I12<0,"Deficit",IF(I12=0,"Exact fit","Surplus"))
A13: 110209 | B13: ORION SCHOOL | C13: =SUMIFS('Per-Grade Breakdown'!$D$5:$D$23659,'Per-Grade Breakdown'!$A$5:$A$23659,$A13) | D13: =SUMIFS('Per-Grade Breakdown'!$E$5:$E$23659,'Per-Grade Breakdown'!$A$5:$A$23659,$A13) | E13: =SUMIFS('Per-Grade Breakdown'!$F$5:$F$23659,'Per-Grade Breakdown'!$A$5:$A$23659,$A13) | F13: =D13-E13 | G13: ='Notes'!$B$4 | H13: =ROUNDUP(C13/G13,0) | I13: =F13-H13 | J13: =IF(I13<0,"Deficit",IF(I13=0,"Exact fit","Surplus"))
A14: 110305 | B14: GS MWENDO | C14: =SUMIFS('Per-Grade Breakdown'!$D$5:$D$23659,'Per-Grade Breakdown'!$A$5:$A$23659,$A14) | D14: =SUMIFS('Per-Grade Breakdown'!$E$5:$E$23659,'Per-Grade Breakdown'!$A$5:$A$23659,$A14) | E14: =SUMIFS('Per-Grade Breakdown'!$F$5:$F$23659,'Per-Grade Breakdown'!$A$5:$A$23659,$A14) | F14: =D14-E14 | G14: ='Notes'!$B$4 | H14: =ROUNDUP(C14/G14,0) | I14: =F14-H14 | J14: =IF(I14<0,"Deficit",IF(I14=0,"Exact fit","Surplus"))
A15: 110306 | B15: GS KIGALI | C15: =SUMIFS('Per-Grade Breakdown'!$D$5:$D$23659,'Per-Grade Breakdown'!$A$5:$A$23659,$A15) | D15: =SUMIFS('Per-Grade Breakdown'!$E$5:$E$23659,'Per-Grade Breakdown'!$A$5:$A$23659,$A15) | E15: =SUMIFS('Per-Grade Breakdown'!$F$5:$F$23659,'Per-Grade Breakdown'!$A$5:$A$23659,$A15) | F15: =D15-E15 | G15: ='Notes'!$B$4 | H15: =ROUNDUP(C15/G15,0) | I15: =F15-H15 | J15: =IF(I15<0,"Deficit",IF(I15=0,"Exact fit","Surplus"))
A16: 110314 | B16: GS KARAMA | C16: =SUMIFS('Per-Grade Breakdown'!$D$5:$D$23659,'Per-Grade Breakdown'!$A$5:$A$23659,$A16) | D16: =SUMIFS('Per-Grade Breakdown'!$E$5:$E$23659,'Per-Grade Breakdown'!$A$5:$A$23659,$A16) | E16: =SUMIFS('Per-Grade Breakdown'!$F$5:$F$23659,'Per-Grade Breakdown'!$A$5:$A$23659,$A16) | F16: =D16-E16 | G16: ='Notes'!$B$4 | H16: =ROUNDUP(C16/G16,0) | I16: =F16-H16 | J16: =IF(I16<0,"Deficit",IF(I16=0,"Exact fit","Surplus"))
... A4001: 571506 | B4001: EP KAMWERU | C4001: =SUMIFS('Per-Grade Breakdown'!$D$5:$D$23659,'Per-Grade Breakdown'!$A$5:$A$23659,$A4001) | D4001: =SUMIFS('Per-Grade Breakdown'!$E$5:$E$23659,'Per-Grade Breakdown'!$A$5:$A$23659,$A4001) | E4001: =SUMIFS('Per-Grade Breakdown'!$F$5:$F$23659,'Per-Grade Breakdown'!$A$5:$A$23659,$A4001) | F4001: =D4001-E4001 | G4001: ='Notes'!$B$4 | H4001: =ROUNDUP(C4001/G4001,0) | I4001: =F4001-H4001 | J4001: =IF(I4001<0,"Deficit",IF(I4001=0,"Exact fit","Surplus"))

Sheet Notes
A1: Notes
A2: Primary School Infrastructure Analysis 2026 — built from Data_Transformation_Brief.docx.
A4: Standard Classroom Capacity | B4: 45
A6: Definitions
A7: Scope | B7: Primary grades P1-P6 only (brief section 5, step 1).
A8: Per-Grade Breakdown | B8: Brief section 3a: one row per school x grade.
A9: School-Level Summary | B9: Brief section 3b: one row per school, P1-P6 summed from the Per-Grade Breakdown.
A10: Total Classrooms | B10: Count of classroom rows (class groups) per school and grade.
A11: Total Classrooms in Double Shift | B11: The source has no morning/afternoon field. A double-shift classroom is one physical room (same room ID, test_code) used by more than one class group; each extra group counts once. Example: 9 class groups in 6 rooms, 3 of them shared -> 3 double shift, 6 available. Rooms recorded with 3+ groups are split into one room per group in the source (data-entry errors).
A12: Total Classrooms Available | B12: Total Classrooms - Total Classrooms in Double Shift.
A13: Required Classrooms | B13: CEILING(Total Students / 45), always rounded up.
A14: Gap (Deficit vs Surplus) | B14: Available - Required. Negative = deficit, 0 = exact fit, positive = surplus.
A15: Rooms shared by two grades | B15: Counted in each grade that uses them (brief step 4 sums the grades), so a few schools show slightly more available classrooms than physical rooms.
A16: Source data kept as recorded | B16: Two rows are graded P1 but labelled as pre-primary groups (N3A, N3); they are included as recorded. See the full analysis workbook for the data-quality list.
A18: Checks
A19: Check | B19: Source | C19: Per-Grade | D19: School-Level | E19: Result
A20: Students (P1-P6) in source | B20: 2812650 | C20: =SUM('Per-Grade Breakdown'!D5:D23659) | D20: =SUM('School-Level Summary'!C5:C4001) | E20: =IF(AND(B20=C20,B20=D20),"OK","MISMATCH")
A21: Classroom rows (P1-P6) in source | B21: 64691 | C21: =SUM('Per-Grade Breakdown'!E5:E23659) | D21: =SUM('School-Level Summary'!D5:D4001) | E21: =IF(AND(B21=C21,B21=D21),"OK","MISMATCH")
